Workbook

Sheet Évaluation
A1: ÉVALUATION — PROJET "JE DÉMONTE UN OBJET TECHNIQUE" — 6ème SEGPA
A2: N° | B2: Prénom | C2: Binôme | D2: S1 - Suit la procédure (1 pièce à la fois) | E2: S1 - Respecte la sécurité (vis rangées, ne force pas) | F2: S2 - Mesure correctement au réglet | G2: S2 - Dessin fidèle (proportions respectées) | H2: S3 - Remontage fonctionnel | I2: S3 - Répond aux questions de compréhension | J2: Autonomie / travail en binôme | K2: Score brut (/21) | L2: Note /20 | M2: Appréciation | N2: Commentaire
A3: 1 | D3: Jaune | E3: Jaune | F3: Vert clair | G3: Vert clair | H3: Vert clair | I3: Vert clair | J3: Vert foncé | K3: =COUNTIF(D3:J3,"Rouge")*0+COUNTIF(D3:J3,"Jaune")*1+COUNTIF(D3:J3,"Vert clair")*2+COUNTIF(D3:J3,"Vert foncé")*3 -> 13 | L3: =ROUND(K3/21*20,1) -> 12.4 | M3: =IF(L3>=16,"Très satisfaisant",IF(L3>=12,"Satisfaisant",IF(L3>=8,"Fragile","Insuffisant"))) -> Satisfaisant
A4: 2 | K4: =COUNTIF(D4:J4,"Rouge")*0+COUNTIF(D4:J4,"Jaune")*1+COUNTIF(D4:J4,"Vert clair")*2+COUNTIF(D4:J4,"Vert foncé")*3 -> 0 | L4: =ROUND(K4/21*20,1) -> 0 | M4: =IF(L4>=16,"Très satisfaisant",IF(L4>=12,"Satisfaisant",IF(L4>=8,"Fragile","Insuffisant"))) -> Insuffisant
A5: 3 | K5: =COUNTIF(D5:J5,"Rouge")*0+COUNTIF(D5:J5,"Jaune")*1+COUNTIF(D5:J5,"Vert clair")*2+COUNTIF(D5:J5,"Vert foncé")*3 -> 0 | L5: =ROUND(K5/21*20,1) -> 0 | M5: =IF(L5>=16,"Très satisfaisant",IF(L5>=12,"Satisfaisant",IF(L5>=8,"Fragile","Insuffisant"))) -> Insuffisant
A6: 4 | K6: =COUNTIF(D6:J6,"Rouge")*0+COUNTIF(D6:J6,"Jaune")*1+COUNTIF(D6:J6,"Vert clair")*2+COUNTIF(D6:J6,"Vert foncé")*3 -> 0 | L6: =ROUND(K6/21*20,1) -> 0 | M6: =IF(L6>=16,"Très satisfaisant",IF(L6>=12,"Satisfaisant",IF(L6>=8,"Fragile","Insuffisant"))) -> Insuffisant
A7: 5 | K7: =COUNTIF(D7:J7,"Rouge")*0+COUNTIF(D7:J7,"Jaune")*1+COUNTIF(D7:J7,"Vert clair")*2+COUNTIF(D7:J7,"Vert foncé")*3 -> 0 | L7: =ROUND(K7/21*20,1) -> 0 | M7: =IF(L7>=16,"Très satisfaisant",IF(L7>=12,"Satisfaisant",IF(L7>=8,"Fragile","Insuffisant"))) -> Insuffisant
A8: 6 | K8: =COUNTIF(D8:J8,"Rouge")*0+COUNTIF(D8:J8,"Jaune")*1+COUNTIF(D8:J8,"Vert clair")*2+COUNTIF(D8:J8,"Vert foncé")*3 -> 0 | L8: =ROUND(K8/21*20,1) -> 0 | M8: =IF(L8>=16,"Très satisfaisant",IF(L8>=12,"Satisfaisant",IF(L8>=8,"Fragile","Insuffisant"))) -> Insuffisant
A9: 7 | K9: =COUNTIF(D9:J9,"Rouge")*0+COUNTIF(D9:J9,"Jaune")*1+COUNTIF(D9:J9,"Vert clair")*2+COUNTIF(D9:J9,"Vert foncé")*3 -> 0 | L9: =ROUND(K9/21*20,1) -> 0 | M9: =IF(L9>=16,"Très satisfaisant",IF(L9>=12,"Satisfaisant",IF(L9>=8,"Fragile","Insuffisant"))) -> Insuffisant
A10: 8 | K10: =COUNTIF(D10:J10,"Rouge")*0+COUNTIF(D10:J10,"Jaune")*1+COUNTIF(D10:J10,"Vert clair")*2+COUNTIF(D10:J10,"Vert foncé")*3 -> 0 | L10: =ROUND(K10/21*20,1) -> 0 | M10: =IF(L10>=16,"Très satisfaisant",IF(L10>=12,"Satisfaisant",IF(L10>=8,"Fragile","Insuffisant"))) -> Insuffisant
A11: 9 | K11: =COUNTIF(D11:J11,"Rouge")*0+COUNTIF(D11:J11,"Jaune")*1+COUNTIF(D11:J11,"Vert clair")*2+COUNTIF(D11:J11,"Vert foncé")*3 -> 0 | L11: =ROUND(K11/21*20,1) -> 0 | M11: =IF(L11>=16,"Très satisfaisant",IF(L11>=12,"Satisfaisant",IF(L11>=8,"Fragile","Insuffisant"))) -> Insuffisant
A12: 10 | K12: =COUNTIF(D12:J12,"Rouge")*0+COUNTIF(D12:J12,"Jaune")*1+COUNTIF(D12:J12,"Vert clair")*2+COUNTIF(D12:J12,"Vert foncé")*3 -> 0 | L12: =ROUND(K12/21*20,1) -> 0 | M12: =IF(L12>=16,"Très satisfaisant",IF(L12>=12,"Satisfaisant",IF(L12>=8,"Fragile","Insuffisant"))) -> Insuffisant
A13: 11 | K13: =COUNTIF(D13:J13,"Rouge")*0+COUNTIF(D13:J13,"Jaune")*1+COUNTIF(D13:J13,"Vert clair")*2+COUNTIF(D13:J13,"Vert foncé")*3 -> 0 | L13: =ROUND(K13/21*20,1) -> 0 | M13: =IF(L13>=16,"Très satisfaisant",IF(L13>=12,"Satisfaisant",IF(L13>=8,"Fragile","Insuffisant"))) -> Insuffisant
A14: 12 | K14: =COUNTIF(D14:J14,"Rouge")*0+COUNTIF(D14:J14,"Jaune")*1+COUNTIF(D14:J14,"Vert clair")*2+COUNTIF(D14:J14,"Vert foncé")*3 -> 0 | L14: =ROUND(K14/21*20,1) -> 0 | M14: =IF(L14>=16,"Très satisfaisant",IF(L14>=12,"Satisfaisant",IF(L14>=8,"Fragile","Insuffisant"))) -> Insuffisant
A15: 13 | K15: =COUNTIF(D15:J15,"Rouge")*0+COUNTIF(D15:J15,"Jaune")*1+COUNTIF(D15:J15,"Vert clair")*2+COUNTIF(D15:J15,"Vert foncé")*3 -> 0 | L15: =ROUND(K15/21*20,1) -> 0 | M15: =IF(L15>=16,"Très satisfaisant",IF(L15>=12,"Satisfaisant",IF(L15>=8,"Fragile","Insuffisant"))) -> Insuffisant
... A18: 16 | K18: =COUNTIF(D18:J18,"Rouge")*0+COUNTIF(D18:J18,"Jaune")*1+COUNTIF(D18:J18,"Vert clair")*2+COUNTIF(D18:J18,"Vert foncé")*3 -> 0 | L18: =ROUND(K18/21*20,1) -> 0 | M18: =IF(L18>=16,"Très satisfaisant",IF(L18>=12,"Satisfaisant",IF(L18>=8,"Fragile","Insuffisant"))) -> Insuffisant

Sheet Synthèse classe
A1: SYNTHÈSE DE CLASSE
A3: Moyenne de classe /20 | B3: =ROUND(AVERAGE('Évaluation'!$L$3:$L$18),1) -> 0.8
A4: Note la plus haute | B4: =MAX('Évaluation'!$L$3:$L$18) -> 12.4
A5: Note la plus basse | B5: =MIN('Évaluation'!$L$3:$L$18) -> 0
A7: Appréciation | B7: Nombre d'élèves | C7: % de la classe
A8: Très satisfaisant | B8: =COUNTIF('Évaluation'!$M$3:$M$18,"Très satisfaisant") -> 0 | C8: =B8/16 -> 0
A9: Satisfaisant | B9: =COUNTIF('Évaluation'!$M$3:$M$18,"Satisfaisant") -> 1 | C9: =B9/16 -> 0.0625
A10: Fragile | B10: =COUNTIF('Évaluation'!$M$3:$M$18,"Fragile") -> 0 | C10: =B10/16 -> 0
A11: Insuffisant | B11: =COUNTIF('Évaluation'!$M$3:$M$18,"Insuffisant") -> 15 | C11: =B11/16 -> 0.9375
A12: Total élèves | B12: =SUM(B8:B11) -> 16

Sheet Légende
A1: LÉGENDE ET MODE D'EMPLOI
A3: Colonnes à remplir | B3: Prénom, Binôme, et les 7 colonnes de compétences (menu déroulant : Rouge / Jaune / Vert clair / Vert foncé).
A4: Barème des couleurs | B4: Rouge = 0 pt · Jaune = 1 pt · Vert clair = 2 pts · Vert foncé = 3 pts (par critère).
A5: Colonnes automatiques | B5: "Score brut /21", "Note /20" et "Appréciation" se calculent seules — ne pas écrire dedans.
A6: Calcul de la note | B6: Score brut = somme des points sur les 7 critères (max 21). Note /20 = Score brut ÷ 21 × 20, arrondie à 0,1 près.
A7: Très satisfaisant | B7: Note ≥ 16/20.
A8: Satisfaisant | B8: Note entre 12 et 15,9/20.
A9: Fragile | B9: Note entre 8 et 11,9/20.
A10: Insuffisant | B10: Note < 8/20.
A11: Rangée d'exemple | B11: La ligne "Ex." en gris/italique montre le remplissage attendu — à ne pas compter comme élève.

Sheet Référentiel compétences
A1: RÉFÉRENTIEL — LIEN AVEC LE PROGRAMME CYCLE 3
A3: Critère évalué | B3: Compétence du programme (sciences et technologie, cycle 3) | C3: Domaine de compétence | D3: Domaine du socle commun
A4: S1 - Suit la procédure (1 pièce à la fois) | B4: Suivre une procédure de réalisation / respecter des étapes dans l'ordre | C4: Pratique technologique | D4: D2 - Méthodes et outils pour apprendre
A5: S1 - Respecte la sécurité | B5: Manipuler un outil en sécurité, dans le respect des règles | C5: Pratique technologique | D5: D3 - Formation de la personne et du citoyen
A6: S2 - Mesure correctement au réglet | B6: Utiliser un instrument de mesure ; associer une mesure réelle à une représentation | C6: Modélisation et simulation | D6: D4 - Systèmes naturels et systèmes techniques
A7: S2 - Dessin fidèle (proportions respectées) | B7: Représenter un objet technique par un dessin d'observation simple | C7: Modélisation et simulation | D7: D1 - Langages pour penser et communiquer
A8: S3 - Remontage fonctionnel | B8: Identifier les fonctions techniques d'un objet ; comprendre une chaîne de montage simple | C8: Matériaux et objets techniques | D8: D4 - Systèmes naturels et systèmes techniques
A9: S3 - Répond aux questions de compréhension | B9: Expliquer le fonctionnement d'une pièce ou d'un mécanisme avec ses propres mots | C9: Connaissance technologique | D9: D1 - Langages pour penser et communiquer
A10: Autonomie / travail en binôme | B10: Coopérer, réaliser une tâche en équipe | C10: Compétence transversale | D10: D3 - Formation de la personne et du citoyen
A12: Note : ce projet ne couvre pas tous les domaines du programme (rien sur l'environnement numérique/algorithmique par ex.) — à compléter par d'autres séquences dans l'année (Vittascience, mBlock...).
